{"cameraMode":{"drawMode":0,"name":"Shaded","section":"Shading Mode"},"sceneLighting":false,"audioPlay":false,"sceneViewState":{"showFog":true,"showMaterialUpdate":false,"showSkybox":false,"showFlares":true,"showImageEffects":true,"showParticleSystems":true},"in2DMode":false,"pivot":{"x":1.01220703125,"y":1.2647202014923096,"z":0.22607767581939698},"rotation":{"x":0.14530298113822938,"y":0.0032780179753899576,"z":-0.000308294256683439,"w":0.9894526600837708},"size":2.9381399154663088,"orthographic":false}