{"cameraMode":{"drawMode":0,"name":"Shaded","section":"Shading Mode"},"sceneLighting":false,"audioPlay":false,"sceneViewState":{"showFog":true,"showMaterialUpdate":false,"showSkybox":false,"showFlares":true,"showImageEffects":true,"showParticleSystems":true},"in2DMode":false,"pivot":{"x":0.38667285442352297,"y":1.108752727508545,"z":-0.08166354894638062},"rotation":{"x":0.14530298113822938,"y":0.0032780179753899576,"z":-0.000308294256683439,"w":0.9894526600837708},"size":1.94870126247406,"orthographic":false}