{"cameraMode":{"drawMode":0,"name":"Shaded","section":"Shading Mode"},"sceneLighting":false,"audioPlay":false,"sceneViewState":{"showFog":true,"showMaterialUpdate":false,"showSkybox":false,"showFlares":true,"showImageEffects":true,"showParticleSystems":true},"in2DMode":false,"pivot":{"x":-0.1092715859413147,"y":0.5328822135925293,"z":-0.08828949928283692},"rotation":{"x":0.14530298113822938,"y":0.0032780179753899576,"z":-0.000308294256683439,"w":0.9894526600837708},"size":3.702768564224243,"orthographic":false}