{"cameraMode":{"drawMode":0,"name":"Shaded","section":"Shading Mode"},"sceneLighting":false,"audioPlay":false,"sceneViewState":{"showFog":true,"showMaterialUpdate":false,"showSkybox":false,"showFlares":true,"showImageEffects":true,"showParticleSystems":true},"in2DMode":false,"pivot":{"x":0.17397888004779817,"y":0.24978303909301759,"z":-0.1910671591758728},"rotation":{"x":0.14530298113822938,"y":0.0032780179753899576,"z":-0.000308294256683439,"w":0.9894526600837708},"size":1.412779688835144,"orthographic":false}